run_name,frequency_dir,trial_file,st1_file,st2_file,run_dir
10_hz_trial_5,10_hz,trial_5.pwl,/home/s5117909/Documents/thesis/sebastian_thesis_repo/processing/general_code/spike_train_output/st_1/10_hz/trial_5.pwl,/home/s5117909/Documents/thesis/sebastian_thesis_repo/processing/general_code/spike_train_output/st_2/10_hz/trial_5.pwl,/home/s5117909/Documents/thesis/sebastian_thesis_repo/processing/cadence_extraction/output_data/10_hz_trial_5
10_hz_trial_7,10_hz,trial_7.pwl,/home/s5117909/Documents/thesis/sebastian_thesis_repo/processing/general_code/spike_train_output/st_1/10_hz/trial_7.pwl,/home/s5117909/Documents/thesis/sebastian_thesis_repo/processing/general_code/spike_train_output/st_2/10_hz/trial_7.pwl,/home/s5117909/Documents/thesis/sebastian_thesis_repo/processing/cadence_extraction/output_data/10_hz_trial_7
10_hz_trial_8,10_hz,trial_8.pwl,/home/s5117909/Documents/thesis/sebastian_thesis_repo/processing/general_code/spike_train_output/st_1/10_hz/trial_8.pwl,/home/s5117909/Documents/thesis/sebastian_thesis_repo/processing/general_code/spike_train_output/st_2/10_hz/trial_8.pwl,/home/s5117909/Documents/thesis/sebastian_thesis_repo/processing/cadence_extraction/output_data/10_hz_trial_8
10_hz_trial_6,10_hz,trial_6.pwl,/home/s5117909/Documents/thesis/sebastian_thesis_repo/processing/general_code/spike_train_output/st_1/10_hz/trial_6.pwl,/home/s5117909/Documents/thesis/sebastian_thesis_repo/processing/general_code/spike_train_output/st_2/10_hz/trial_6.pwl,/home/s5117909/Documents/thesis/sebastian_thesis_repo/processing/cadence_extraction/output_data/10_hz_trial_6
10_hz_trial_10,10_hz,trial_10.pwl,/home/s5117909/Documents/thesis/sebastian_thesis_repo/processing/general_code/spike_train_output/st_1/10_hz/trial_10.pwl,/home/s5117909/Documents/thesis/sebastian_thesis_repo/processing/general_code/spike_train_output/st_2/10_hz/trial_10.pwl,/home/s5117909/Documents/thesis/sebastian_thesis_repo/processing/cadence_extraction/output_data/10_hz_trial_10
10_hz_trial_3,10_hz,trial_3.pwl,/home/s5117909/Documents/thesis/sebastian_thesis_repo/processing/general_code/spike_train_output/st_1/10_hz/trial_3.pwl,/home/s5117909/Documents/thesis/sebastian_thesis_repo/processing/general_code/spike_train_output/st_2/10_hz/trial_3.pwl,/home/s5117909/Documents/thesis/sebastian_thesis_repo/processing/cadence_extraction/output_data/10_hz_trial_3
10_hz_trial_9,10_hz,trial_9.pwl,/home/s5117909/Documents/thesis/sebastian_thesis_repo/processing/general_code/spike_train_output/st_1/10_hz/trial_9.pwl,/home/s5117909/Documents/thesis/sebastian_thesis_repo/processing/general_code/spike_train_output/st_2/10_hz/trial_9.pwl,/home/s5117909/Documents/thesis/sebastian_thesis_repo/processing/cadence_extraction/output_data/10_hz_trial_9
10_hz_trial_2,10_hz,trial_2.pwl,/home/s5117909/Documents/thesis/sebastian_thesis_repo/processing/general_code/spike_train_output/st_1/10_hz/trial_2.pwl,/home/s5117909/Documents/thesis/sebastian_thesis_repo/processing/general_code/spike_train_output/st_2/10_hz/trial_2.pwl,/home/s5117909/Documents/thesis/sebastian_thesis_repo/processing/cadence_extraction/output_data/10_hz_trial_2
10_hz_trial_1,10_hz,trial_1.pwl,/home/s5117909/Documents/thesis/sebastian_thesis_repo/processing/general_code/spike_train_output/st_1/10_hz/trial_1.pwl,/home/s5117909/Documents/thesis/sebastian_thesis_repo/processing/general_code/spike_train_output/st_2/10_hz/trial_1.pwl,/home/s5117909/Documents/thesis/sebastian_thesis_repo/processing/cadence_extraction/output_data/10_hz_trial_1
10_hz_trial_4,10_hz,trial_4.pwl,/home/s5117909/Documents/thesis/sebastian_thesis_repo/processing/general_code/spike_train_output/st_1/10_hz/trial_4.pwl,/home/s5117909/Documents/thesis/sebastian_thesis_repo/processing/general_code/spike_train_output/st_2/10_hz/trial_4.pwl,/home/s5117909/Documents/thesis/sebastian_thesis_repo/processing/cadence_extraction/output_data/10_hz_trial_4
4_hz_trial_5,4_hz,trial_5.pwl,/home/s5117909/Documents/thesis/sebastian_thesis_repo/processing/general_code/spike_train_output/st_1/4_hz/trial_5.pwl,/home/s5117909/Documents/thesis/sebastian_thesis_repo/processing/general_code/spike_train_output/st_2/4_hz/trial_5.pwl,/home/s5117909/Documents/thesis/sebastian_thesis_repo/processing/cadence_extraction/output_data/4_hz_trial_5
4_hz_trial_7,4_hz,trial_7.pwl,/home/s5117909/Documents/thesis/sebastian_thesis_repo/processing/general_code/spike_train_output/st_1/4_hz/trial_7.pwl,/home/s5117909/Documents/thesis/sebastian_thesis_repo/processing/general_code/spike_train_output/st_2/4_hz/trial_7.pwl,/home/s5117909/Documents/thesis/sebastian_thesis_repo/processing/cadence_extraction/output_data/4_hz_trial_7
4_hz_trial_8,4_hz,trial_8.pwl,/home/s5117909/Documents/thesis/sebastian_thesis_repo/processing/general_code/spike_train_output/st_1/4_hz/trial_8.pwl,/home/s5117909/Documents/thesis/sebastian_thesis_repo/processing/general_code/spike_train_output/st_2/4_hz/trial_8.pwl,/home/s5117909/Documents/thesis/sebastian_thesis_repo/processing/cadence_extraction/output_data/4_hz_trial_8
4_hz_trial_6,4_hz,trial_6.pwl,/home/s5117909/Documents/thesis/sebastian_thesis_repo/processing/general_code/spike_train_output/st_1/4_hz/trial_6.pwl,/home/s5117909/Documents/thesis/sebastian_thesis_repo/processing/general_code/spike_train_output/st_2/4_hz/trial_6.pwl,/home/s5117909/Documents/thesis/sebastian_thesis_repo/processing/cadence_extraction/output_data/4_hz_trial_6
4_hz_trial_10,4_hz,trial_10.pwl,/home/s5117909/Documents/thesis/sebastian_thesis_repo/processing/general_code/spike_train_output/st_1/4_hz/trial_10.pwl,/home/s5117909/Documents/thesis/sebastian_thesis_repo/processing/general_code/spike_train_output/st_2/4_hz/trial_10.pwl,/home/s5117909/Documents/thesis/sebastian_thesis_repo/processing/cadence_extraction/output_data/4_hz_trial_10
4_hz_trial_3,4_hz,trial_3.pwl,/home/s5117909/Documents/thesis/sebastian_thesis_repo/processing/general_code/spike_train_output/st_1/4_hz/trial_3.pwl,/home/s5117909/Documents/thesis/sebastian_thesis_repo/processing/general_code/spike_train_output/st_2/4_hz/trial_3.pwl,/home/s5117909/Documents/thesis/sebastian_thesis_repo/processing/cadence_extraction/output_data/4_hz_trial_3
4_hz_trial_9,4_hz,trial_9.pwl,/home/s5117909/Documents/thesis/sebastian_thesis_repo/processing/general_code/spike_train_output/st_1/4_hz/trial_9.pwl,/home/s5117909/Documents/thesis/sebastian_thesis_repo/processing/general_code/spike_train_output/st_2/4_hz/trial_9.pwl,/home/s5117909/Documents/thesis/sebastian_thesis_repo/processing/cadence_extraction/output_data/4_hz_trial_9
4_hz_trial_2,4_hz,trial_2.pwl,/home/s5117909/Documents/thesis/sebastian_thesis_repo/processing/general_code/spike_train_output/st_1/4_hz/trial_2.pwl,/home/s5117909/Documents/thesis/sebastian_thesis_repo/processing/general_code/spike_train_output/st_2/4_hz/trial_2.pwl,/home/s5117909/Documents/thesis/sebastian_thesis_repo/processing/cadence_extraction/output_data/4_hz_trial_2
4_hz_trial_1,4_hz,trial_1.pwl,/home/s5117909/Documents/thesis/sebastian_thesis_repo/processing/general_code/spike_train_output/st_1/4_hz/trial_1.pwl,/home/s5117909/Documents/thesis/sebastian_thesis_repo/processing/general_code/spike_train_output/st_2/4_hz/trial_1.pwl,/home/s5117909/Documents/thesis/sebastian_thesis_repo/processing/cadence_extraction/output_data/4_hz_trial_1
4_hz_trial_4,4_hz,trial_4.pwl,/home/s5117909/Documents/thesis/sebastian_thesis_repo/processing/general_code/spike_train_output/st_1/4_hz/trial_4.pwl,/home/s5117909/Documents/thesis/sebastian_thesis_repo/processing/general_code/spike_train_output/st_2/4_hz/trial_4.pwl,/home/s5117909/Documents/thesis/sebastian_thesis_repo/processing/cadence_extraction/output_data/4_hz_trial_4
1_hz_trial_5,1_hz,trial_5.pwl,/home/s5117909/Documents/thesis/sebastian_thesis_repo/processing/general_code/spike_train_output/st_1/1_hz/trial_5.pwl,/home/s5117909/Documents/thesis/sebastian_thesis_repo/processing/general_code/spike_train_output/st_2/1_hz/trial_5.pwl,/home/s5117909/Documents/thesis/sebastian_thesis_repo/processing/cadence_extraction/output_data/1_hz_trial_5
1_hz_trial_7,1_hz,trial_7.pwl,/home/s5117909/Documents/thesis/sebastian_thesis_repo/processing/general_code/spike_train_output/st_1/1_hz/trial_7.pwl,/home/s5117909/Documents/thesis/sebastian_thesis_repo/processing/general_code/spike_train_output/st_2/1_hz/trial_7.pwl,/home/s5117909/Documents/thesis/sebastian_thesis_repo/processing/cadence_extraction/output_data/1_hz_trial_7
1_hz_trial_8,1_hz,trial_8.pwl,/home/s5117909/Documents/thesis/sebastian_thesis_repo/processing/general_code/spike_train_output/st_1/1_hz/trial_8.pwl,/home/s5117909/Documents/thesis/sebastian_thesis_repo/processing/general_code/spike_train_output/st_2/1_hz/trial_8.pwl,/home/s5117909/Documents/thesis/sebastian_thesis_repo/processing/cadence_extraction/output_data/1_hz_trial_8
1_hz_trial_6,1_hz,trial_6.pwl,/home/s5117909/Documents/thesis/sebastian_thesis_repo/processing/general_code/spike_train_output/st_1/1_hz/trial_6.pwl,/home/s5117909/Documents/thesis/sebastian_thesis_repo/processing/general_code/spike_train_output/st_2/1_hz/trial_6.pwl,/home/s5117909/Documents/thesis/sebastian_thesis_repo/processing/cadence_extraction/output_data/1_hz_trial_6
1_hz_trial_10,1_hz,trial_10.pwl,/home/s5117909/Documents/thesis/sebastian_thesis_repo/processing/general_code/spike_train_output/st_1/1_hz/trial_10.pwl,/home/s5117909/Documents/thesis/sebastian_thesis_repo/processing/general_code/spike_train_output/st_2/1_hz/trial_10.pwl,/home/s5117909/Documents/thesis/sebastian_thesis_repo/processing/cadence_extraction/output_data/1_hz_trial_10
1_hz_trial_3,1_hz,trial_3.pwl,/home/s5117909/Documents/thesis/sebastian_thesis_repo/processing/general_code/spike_train_output/st_1/1_hz/trial_3.pwl,/home/s5117909/Documents/thesis/sebastian_thesis_repo/processing/general_code/spike_train_output/st_2/1_hz/trial_3.pwl,/home/s5117909/Documents/thesis/sebastian_thesis_repo/processing/cadence_extraction/output_data/1_hz_trial_3
1_hz_trial_9,1_hz,trial_9.pwl,/home/s5117909/Documents/thesis/sebastian_thesis_repo/processing/general_code/spike_train_output/st_1/1_hz/trial_9.pwl,/home/s5117909/Documents/thesis/sebastian_thesis_repo/processing/general_code/spike_train_output/st_2/1_hz/trial_9.pwl,/home/s5117909/Documents/thesis/sebastian_thesis_repo/processing/cadence_extraction/output_data/1_hz_trial_9
1_hz_trial_2,1_hz,trial_2.pwl,/home/s5117909/Documents/thesis/sebastian_thesis_repo/processing/general_code/spike_train_output/st_1/1_hz/trial_2.pwl,/home/s5117909/Documents/thesis/sebastian_thesis_repo/processing/general_code/spike_train_output/st_2/1_hz/trial_2.pwl,/home/s5117909/Documents/thesis/sebastian_thesis_repo/processing/cadence_extraction/output_data/1_hz_trial_2
1_hz_trial_1,1_hz,trial_1.pwl,/home/s5117909/Documents/thesis/sebastian_thesis_repo/processing/general_code/spike_train_output/st_1/1_hz/trial_1.pwl,/home/s5117909/Documents/thesis/sebastian_thesis_repo/processing/general_code/spike_train_output/st_2/1_hz/trial_1.pwl,/home/s5117909/Documents/thesis/sebastian_thesis_repo/processing/cadence_extraction/output_data/1_hz_trial_1
1_hz_trial_4,1_hz,trial_4.pwl,/home/s5117909/Documents/thesis/sebastian_thesis_repo/processing/general_code/spike_train_output/st_1/1_hz/trial_4.pwl,/home/s5117909/Documents/thesis/sebastian_thesis_repo/processing/general_code/spike_train_output/st_2/1_hz/trial_4.pwl,/home/s5117909/Documents/thesis/sebastian_thesis_repo/processing/cadence_extraction/output_data/1_hz_trial_4
7_hz_trial_5,7_hz,trial_5.pwl,/home/s5117909/Documents/thesis/sebastian_thesis_repo/processing/general_code/spike_train_output/st_1/7_hz/trial_5.pwl,/home/s5117909/Documents/thesis/sebastian_thesis_repo/processing/general_code/spike_train_output/st_2/7_hz/trial_5.pwl,/home/s5117909/Documents/thesis/sebastian_thesis_repo/processing/cadence_extraction/output_data/7_hz_trial_5
7_hz_trial_7,7_hz,trial_7.pwl,/home/s5117909/Documents/thesis/sebastian_thesis_repo/processing/general_code/spike_train_output/st_1/7_hz/trial_7.pwl,/home/s5117909/Documents/thesis/sebastian_thesis_repo/processing/general_code/spike_train_output/st_2/7_hz/trial_7.pwl,/home/s5117909/Documents/thesis/sebastian_thesis_repo/processing/cadence_extraction/output_data/7_hz_trial_7
7_hz_trial_8,7_hz,trial_8.pwl,/home/s5117909/Documents/thesis/sebastian_thesis_repo/processing/general_code/spike_train_output/st_1/7_hz/trial_8.pwl,/home/s5117909/Documents/thesis/sebastian_thesis_repo/processing/general_code/spike_train_output/st_2/7_hz/trial_8.pwl,/home/s5117909/Documents/thesis/sebastian_thesis_repo/processing/cadence_extraction/output_data/7_hz_trial_8
7_hz_trial_6,7_hz,trial_6.pwl,/home/s5117909/Documents/thesis/sebastian_thesis_repo/processing/general_code/spike_train_output/st_1/7_hz/trial_6.pwl,/home/s5117909/Documents/thesis/sebastian_thesis_repo/processing/general_code/spike_train_output/st_2/7_hz/trial_6.pwl,/home/s5117909/Documents/thesis/sebastian_thesis_repo/processing/cadence_extraction/output_data/7_hz_trial_6
7_hz_trial_10,7_hz,trial_10.pwl,/home/s5117909/Documents/thesis/sebastian_thesis_repo/processing/general_code/spike_train_output/st_1/7_hz/trial_10.pwl,/home/s5117909/Documents/thesis/sebastian_thesis_repo/processing/general_code/spike_train_output/st_2/7_hz/trial_10.pwl,/home/s5117909/Documents/thesis/sebastian_thesis_repo/processing/cadence_extraction/output_data/7_hz_trial_10
7_hz_trial_3,7_hz,trial_3.pwl,/home/s5117909/Documents/thesis/sebastian_thesis_repo/processing/general_code/spike_train_output/st_1/7_hz/trial_3.pwl,/home/s5117909/Documents/thesis/sebastian_thesis_repo/processing/general_code/spike_train_output/st_2/7_hz/trial_3.pwl,/home/s5117909/Documents/thesis/sebastian_thesis_repo/processing/cadence_extraction/output_data/7_hz_trial_3
7_hz_trial_9,7_hz,trial_9.pwl,/home/s5117909/Documents/thesis/sebastian_thesis_repo/processing/general_code/spike_train_output/st_1/7_hz/trial_9.pwl,/home/s5117909/Documents/thesis/sebastian_thesis_repo/processing/general_code/spike_train_output/st_2/7_hz/trial_9.pwl,/home/s5117909/Documents/thesis/sebastian_thesis_repo/processing/cadence_extraction/output_data/7_hz_trial_9
7_hz_trial_2,7_hz,trial_2.pwl,/home/s5117909/Documents/thesis/sebastian_thesis_repo/processing/general_code/spike_train_output/st_1/7_hz/trial_2.pwl,/home/s5117909/Documents/thesis/sebastian_thesis_repo/processing/general_code/spike_train_output/st_2/7_hz/trial_2.pwl,/home/s5117909/Documents/thesis/sebastian_thesis_repo/processing/cadence_extraction/output_data/7_hz_trial_2
7_hz_trial_1,7_hz,trial_1.pwl,/home/s5117909/Documents/thesis/sebastian_thesis_repo/processing/general_code/spike_train_output/st_1/7_hz/trial_1.pwl,/home/s5117909/Documents/thesis/sebastian_thesis_repo/processing/general_code/spike_train_output/st_2/7_hz/trial_1.pwl,/home/s5117909/Documents/thesis/sebastian_thesis_repo/processing/cadence_extraction/output_data/7_hz_trial_1
7_hz_trial_4,7_hz,trial_4.pwl,/home/s5117909/Documents/thesis/sebastian_thesis_repo/processing/general_code/spike_train_output/st_1/7_hz/trial_4.pwl,/home/s5117909/Documents/thesis/sebastian_thesis_repo/processing/general_code/spike_train_output/st_2/7_hz/trial_4.pwl,/home/s5117909/Documents/thesis/sebastian_thesis_repo/processing/cadence_extraction/output_data/7_hz_trial_4
6_hz_trial_5,6_hz,trial_5.pwl,/home/s5117909/Documents/thesis/sebastian_thesis_repo/processing/general_code/spike_train_output/st_1/6_hz/trial_5.pwl,/home/s5117909/Documents/thesis/sebastian_thesis_repo/processing/general_code/spike_train_output/st_2/6_hz/trial_5.pwl,/home/s5117909/Documents/thesis/sebastian_thesis_repo/processing/cadence_extraction/output_data/6_hz_trial_5
6_hz_trial_7,6_hz,trial_7.pwl,/home/s5117909/Documents/thesis/sebastian_thesis_repo/processing/general_code/spike_train_output/st_1/6_hz/trial_7.pwl,/home/s5117909/Documents/thesis/sebastian_thesis_repo/processing/general_code/spike_train_output/st_2/6_hz/trial_7.pwl,/home/s5117909/Documents/thesis/sebastian_thesis_repo/processing/cadence_extraction/output_data/6_hz_trial_7
6_hz_trial_8,6_hz,trial_8.pwl,/home/s5117909/Documents/thesis/sebastian_thesis_repo/processing/general_code/spike_train_output/st_1/6_hz/trial_8.pwl,/home/s5117909/Documents/thesis/sebastian_thesis_repo/processing/general_code/spike_train_output/st_2/6_hz/trial_8.pwl,/home/s5117909/Documents/thesis/sebastian_thesis_repo/processing/cadence_extraction/output_data/6_hz_trial_8
6_hz_trial_6,6_hz,trial_6.pwl,/home/s5117909/Documents/thesis/sebastian_thesis_repo/processing/general_code/spike_train_output/st_1/6_hz/trial_6.pwl,/home/s5117909/Documents/thesis/sebastian_thesis_repo/processing/general_code/spike_train_output/st_2/6_hz/trial_6.pwl,/home/s5117909/Documents/thesis/sebastian_thesis_repo/processing/cadence_extraction/output_data/6_hz_trial_6
6_hz_trial_10,6_hz,trial_10.pwl,/home/s5117909/Documents/thesis/sebastian_thesis_repo/processing/general_code/spike_train_output/st_1/6_hz/trial_10.pwl,/home/s5117909/Documents/thesis/sebastian_thesis_repo/processing/general_code/spike_train_output/st_2/6_hz/trial_10.pwl,/home/s5117909/Documents/thesis/sebastian_thesis_repo/processing/cadence_extraction/output_data/6_hz_trial_10
6_hz_trial_3,6_hz,trial_3.pwl,/home/s5117909/Documents/thesis/sebastian_thesis_repo/processing/general_code/spike_train_output/st_1/6_hz/trial_3.pwl,/home/s5117909/Documents/thesis/sebastian_thesis_repo/processing/general_code/spike_train_output/st_2/6_hz/trial_3.pwl,/home/s5117909/Documents/thesis/sebastian_thesis_repo/processing/cadence_extraction/output_data/6_hz_trial_3
6_hz_trial_9,6_hz,trial_9.pwl,/home/s5117909/Documents/thesis/sebastian_thesis_repo/processing/general_code/spike_train_output/st_1/6_hz/trial_9.pwl,/home/s5117909/Documents/thesis/sebastian_thesis_repo/processing/general_code/spike_train_output/st_2/6_hz/trial_9.pwl,/home/s5117909/Documents/thesis/sebastian_thesis_repo/processing/cadence_extraction/output_data/6_hz_trial_9
6_hz_trial_2,6_hz,trial_2.pwl,/home/s5117909/Documents/thesis/sebastian_thesis_repo/processing/general_code/spike_train_output/st_1/6_hz/trial_2.pwl,/home/s5117909/Documents/thesis/sebastian_thesis_repo/processing/general_code/spike_train_output/st_2/6_hz/trial_2.pwl,/home/s5117909/Documents/thesis/sebastian_thesis_repo/processing/cadence_extraction/output_data/6_hz_trial_2
6_hz_trial_1,6_hz,trial_1.pwl,/home/s5117909/Documents/thesis/sebastian_thesis_repo/processing/general_code/spike_train_output/st_1/6_hz/trial_1.pwl,/home/s5117909/Documents/thesis/sebastian_thesis_repo/processing/general_code/spike_train_output/st_2/6_hz/trial_1.pwl,/home/s5117909/Documents/thesis/sebastian_thesis_repo/processing/cadence_extraction/output_data/6_hz_trial_1
6_hz_trial_4,6_hz,trial_4.pwl,/home/s5117909/Documents/thesis/sebastian_thesis_repo/processing/general_code/spike_train_output/st_1/6_hz/trial_4.pwl,/home/s5117909/Documents/thesis/sebastian_thesis_repo/processing/general_code/spike_train_output/st_2/6_hz/trial_4.pwl,/home/s5117909/Documents/thesis/sebastian_thesis_repo/processing/cadence_extraction/output_data/6_hz_trial_4
2_hz_trial_5,2_hz,trial_5.pwl,/home/s5117909/Documents/thesis/sebastian_thesis_repo/processing/general_code/spike_train_output/st_1/2_hz/trial_5.pwl,/home/s5117909/Documents/thesis/sebastian_thesis_repo/processing/general_code/spike_train_output/st_2/2_hz/trial_5.pwl,/home/s5117909/Documents/thesis/sebastian_thesis_repo/processing/cadence_extraction/output_data/2_hz_trial_5
2_hz_trial_7,2_hz,trial_7.pwl,/home/s5117909/Documents/thesis/sebastian_thesis_repo/processing/general_code/spike_train_output/st_1/2_hz/trial_7.pwl,/home/s5117909/Documents/thesis/sebastian_thesis_repo/processing/general_code/spike_train_output/st_2/2_hz/trial_7.pwl,/home/s5117909/Documents/thesis/sebastian_thesis_repo/processing/cadence_extraction/output_data/2_hz_trial_7
2_hz_trial_8,2_hz,trial_8.pwl,/home/s5117909/Documents/thesis/sebastian_thesis_repo/processing/general_code/spike_train_output/st_1/2_hz/trial_8.pwl,/home/s5117909/Documents/thesis/sebastian_thesis_repo/processing/general_code/spike_train_output/st_2/2_hz/trial_8.pwl,/home/s5117909/Documents/thesis/sebastian_thesis_repo/processing/cadence_extraction/output_data/2_hz_trial_8
2_hz_trial_6,2_hz,trial_6.pwl,/home/s5117909/Documents/thesis/sebastian_thesis_repo/processing/general_code/spike_train_output/st_1/2_hz/trial_6.pwl,/home/s5117909/Documents/thesis/sebastian_thesis_repo/processing/general_code/spike_train_output/st_2/2_hz/trial_6.pwl,/home/s5117909/Documents/thesis/sebastian_thesis_repo/processing/cadence_extraction/output_data/2_hz_trial_6
2_hz_trial_10,2_hz,trial_10.pwl,/home/s5117909/Documents/thesis/sebastian_thesis_repo/processing/general_code/spike_train_output/st_1/2_hz/trial_10.pwl,/home/s5117909/Documents/thesis/sebastian_thesis_repo/processing/general_code/spike_train_output/st_2/2_hz/trial_10.pwl,/home/s5117909/Documents/thesis/sebastian_thesis_repo/processing/cadence_extraction/output_data/2_hz_trial_10
2_hz_trial_3,2_hz,trial_3.pwl,/home/s5117909/Documents/thesis/sebastian_thesis_repo/processing/general_code/spike_train_output/st_1/2_hz/trial_3.pwl,/home/s5117909/Documents/thesis/sebastian_thesis_repo/processing/general_code/spike_train_output/st_2/2_hz/trial_3.pwl,/home/s5117909/Documents/thesis/sebastian_thesis_repo/processing/cadence_extraction/output_data/2_hz_trial_3
2_hz_trial_9,2_hz,trial_9.pwl,/home/s5117909/Documents/thesis/sebastian_thesis_repo/processing/general_code/spike_train_output/st_1/2_hz/trial_9.pwl,/home/s5117909/Documents/thesis/sebastian_thesis_repo/processing/general_code/spike_train_output/st_2/2_hz/trial_9.pwl,/home/s5117909/Documents/thesis/sebastian_thesis_repo/processing/cadence_extraction/output_data/2_hz_trial_9
2_hz_trial_2,2_hz,trial_2.pwl,/home/s5117909/Documents/thesis/sebastian_thesis_repo/processing/general_code/spike_train_output/st_1/2_hz/trial_2.pwl,/home/s5117909/Documents/thesis/sebastian_thesis_repo/processing/general_code/spike_train_output/st_2/2_hz/trial_2.pwl,/home/s5117909/Documents/thesis/sebastian_thesis_repo/processing/cadence_extraction/output_data/2_hz_trial_2
2_hz_trial_1,2_hz,trial_1.pwl,/home/s5117909/Documents/thesis/sebastian_thesis_repo/processing/general_code/spike_train_output/st_1/2_hz/trial_1.pwl,/home/s5117909/Documents/thesis/sebastian_thesis_repo/processing/general_code/spike_train_output/st_2/2_hz/trial_1.pwl,/home/s5117909/Documents/thesis/sebastian_thesis_repo/processing/cadence_extraction/output_data/2_hz_trial_1
2_hz_trial_4,2_hz,trial_4.pwl,/home/s5117909/Documents/thesis/sebastian_thesis_repo/processing/general_code/spike_train_output/st_1/2_hz/trial_4.pwl,/home/s5117909/Documents/thesis/sebastian_thesis_repo/processing/general_code/spike_train_output/st_2/2_hz/trial_4.pwl,/home/s5117909/Documents/thesis/sebastian_thesis_repo/processing/cadence_extraction/output_data/2_hz_trial_4
3_hz_trial_5,3_hz,trial_5.pwl,/home/s5117909/Documents/thesis/sebastian_thesis_repo/processing/general_code/spike_train_output/st_1/3_hz/trial_5.pwl,/home/s5117909/Documents/thesis/sebastian_thesis_repo/processing/general_code/spike_train_output/st_2/3_hz/trial_5.pwl,/home/s5117909/Documents/thesis/sebastian_thesis_repo/processing/cadence_extraction/output_data/3_hz_trial_5
3_hz_trial_7,3_hz,trial_7.pwl,/home/s5117909/Documents/thesis/sebastian_thesis_repo/processing/general_code/spike_train_output/st_1/3_hz/trial_7.pwl,/home/s5117909/Documents/thesis/sebastian_thesis_repo/processing/general_code/spike_train_output/st_2/3_hz/trial_7.pwl,/home/s5117909/Documents/thesis/sebastian_thesis_repo/processing/cadence_extraction/output_data/3_hz_trial_7
3_hz_trial_8,3_hz,trial_8.pwl,/home/s5117909/Documents/thesis/sebastian_thesis_repo/processing/general_code/spike_train_output/st_1/3_hz/trial_8.pwl,/home/s5117909/Documents/thesis/sebastian_thesis_repo/processing/general_code/spike_train_output/st_2/3_hz/trial_8.pwl,/home/s5117909/Documents/thesis/sebastian_thesis_repo/processing/cadence_extraction/output_data/3_hz_trial_8
3_hz_trial_6,3_hz,trial_6.pwl,/home/s5117909/Documents/thesis/sebastian_thesis_repo/processing/general_code/spike_train_output/st_1/3_hz/trial_6.pwl,/home/s5117909/Documents/thesis/sebastian_thesis_repo/processing/general_code/spike_train_output/st_2/3_hz/trial_6.pwl,/home/s5117909/Documents/thesis/sebastian_thesis_repo/processing/cadence_extraction/output_data/3_hz_trial_6
3_hz_trial_10,3_hz,trial_10.pwl,/home/s5117909/Documents/thesis/sebastian_thesis_repo/processing/general_code/spike_train_output/st_1/3_hz/trial_10.pwl,/home/s5117909/Documents/thesis/sebastian_thesis_repo/processing/general_code/spike_train_output/st_2/3_hz/trial_10.pwl,/home/s5117909/Documents/thesis/sebastian_thesis_repo/processing/cadence_extraction/output_data/3_hz_trial_10
3_hz_trial_3,3_hz,trial_3.pwl,/home/s5117909/Documents/thesis/sebastian_thesis_repo/processing/general_code/spike_train_output/st_1/3_hz/trial_3.pwl,/home/s5117909/Documents/thesis/sebastian_thesis_repo/processing/general_code/spike_train_output/st_2/3_hz/trial_3.pwl,/home/s5117909/Documents/thesis/sebastian_thesis_repo/processing/cadence_extraction/output_data/3_hz_trial_3
3_hz_trial_9,3_hz,trial_9.pwl,/home/s5117909/Documents/thesis/sebastian_thesis_repo/processing/general_code/spike_train_output/st_1/3_hz/trial_9.pwl,/home/s5117909/Documents/thesis/sebastian_thesis_repo/processing/general_code/spike_train_output/st_2/3_hz/trial_9.pwl,/home/s5117909/Documents/thesis/sebastian_thesis_repo/processing/cadence_extraction/output_data/3_hz_trial_9
3_hz_trial_2,3_hz,trial_2.pwl,/home/s5117909/Documents/thesis/sebastian_thesis_repo/processing/general_code/spike_train_output/st_1/3_hz/trial_2.pwl,/home/s5117909/Documents/thesis/sebastian_thesis_repo/processing/general_code/spike_train_output/st_2/3_hz/trial_2.pwl,/home/s5117909/Documents/thesis/sebastian_thesis_repo/processing/cadence_extraction/output_data/3_hz_trial_2
3_hz_trial_1,3_hz,trial_1.pwl,/home/s5117909/Documents/thesis/sebastian_thesis_repo/processing/general_code/spike_train_output/st_1/3_hz/trial_1.pwl,/home/s5117909/Documents/thesis/sebastian_thesis_repo/processing/general_code/spike_train_output/st_2/3_hz/trial_1.pwl,/home/s5117909/Documents/thesis/sebastian_thesis_repo/processing/cadence_extraction/output_data/3_hz_trial_1
3_hz_trial_4,3_hz,trial_4.pwl,/home/s5117909/Documents/thesis/sebastian_thesis_repo/processing/general_code/spike_train_output/st_1/3_hz/trial_4.pwl,/home/s5117909/Documents/thesis/sebastian_thesis_repo/processing/general_code/spike_train_output/st_2/3_hz/trial_4.pwl,/home/s5117909/Documents/thesis/sebastian_thesis_repo/processing/cadence_extraction/output_data/3_hz_trial_4
8_hz_trial_5,8_hz,trial_5.pwl,/home/s5117909/Documents/thesis/sebastian_thesis_repo/processing/general_code/spike_train_output/st_1/8_hz/trial_5.pwl,/home/s5117909/Documents/thesis/sebastian_thesis_repo/processing/general_code/spike_train_output/st_2/8_hz/trial_5.pwl,/home/s5117909/Documents/thesis/sebastian_thesis_repo/processing/cadence_extraction/output_data/8_hz_trial_5
8_hz_trial_7,8_hz,trial_7.pwl,/home/s5117909/Documents/thesis/sebastian_thesis_repo/processing/general_code/spike_train_output/st_1/8_hz/trial_7.pwl,/home/s5117909/Documents/thesis/sebastian_thesis_repo/processing/general_code/spike_train_output/st_2/8_hz/trial_7.pwl,/home/s5117909/Documents/thesis/sebastian_thesis_repo/processing/cadence_extraction/output_data/8_hz_trial_7
8_hz_trial_8,8_hz,trial_8.pwl,/home/s5117909/Documents/thesis/sebastian_thesis_repo/processing/general_code/spike_train_output/st_1/8_hz/trial_8.pwl,/home/s5117909/Documents/thesis/sebastian_thesis_repo/processing/general_code/spike_train_output/st_2/8_hz/trial_8.pwl,/home/s5117909/Documents/thesis/sebastian_thesis_repo/processing/cadence_extraction/output_data/8_hz_trial_8
8_hz_trial_6,8_hz,trial_6.pwl,/home/s5117909/Documents/thesis/sebastian_thesis_repo/processing/general_code/spike_train_output/st_1/8_hz/trial_6.pwl,/home/s5117909/Documents/thesis/sebastian_thesis_repo/processing/general_code/spike_train_output/st_2/8_hz/trial_6.pwl,/home/s5117909/Documents/thesis/sebastian_thesis_repo/processing/cadence_extraction/output_data/8_hz_trial_6
8_hz_trial_10,8_hz,trial_10.pwl,/home/s5117909/Documents/thesis/sebastian_thesis_repo/processing/general_code/spike_train_output/st_1/8_hz/trial_10.pwl,/home/s5117909/Documents/thesis/sebastian_thesis_repo/processing/general_code/spike_train_output/st_2/8_hz/trial_10.pwl,/home/s5117909/Documents/thesis/sebastian_thesis_repo/processing/cadence_extraction/output_data/8_hz_trial_10
8_hz_trial_3,8_hz,trial_3.pwl,/home/s5117909/Documents/thesis/sebastian_thesis_repo/processing/general_code/spike_train_output/st_1/8_hz/trial_3.pwl,/home/s5117909/Documents/thesis/sebastian_thesis_repo/processing/general_code/spike_train_output/st_2/8_hz/trial_3.pwl,/home/s5117909/Documents/thesis/sebastian_thesis_repo/processing/cadence_extraction/output_data/8_hz_trial_3
8_hz_trial_9,8_hz,trial_9.pwl,/home/s5117909/Documents/thesis/sebastian_thesis_repo/processing/general_code/spike_train_output/st_1/8_hz/trial_9.pwl,/home/s5117909/Documents/thesis/sebastian_thesis_repo/processing/general_code/spike_train_output/st_2/8_hz/trial_9.pwl,/home/s5117909/Documents/thesis/sebastian_thesis_repo/processing/cadence_extraction/output_data/8_hz_trial_9
8_hz_trial_2,8_hz,trial_2.pwl,/home/s5117909/Documents/thesis/sebastian_thesis_repo/processing/general_code/spike_train_output/st_1/8_hz/trial_2.pwl,/home/s5117909/Documents/thesis/sebastian_thesis_repo/processing/general_code/spike_train_output/st_2/8_hz/trial_2.pwl,/home/s5117909/Documents/thesis/sebastian_thesis_repo/processing/cadence_extraction/output_data/8_hz_trial_2
8_hz_trial_1,8_hz,trial_1.pwl,/home/s5117909/Documents/thesis/sebastian_thesis_repo/processing/general_code/spike_train_output/st_1/8_hz/trial_1.pwl,/home/s5117909/Documents/thesis/sebastian_thesis_repo/processing/general_code/spike_train_output/st_2/8_hz/trial_1.pwl,/home/s5117909/Documents/thesis/sebastian_thesis_repo/processing/cadence_extraction/output_data/8_hz_trial_1
8_hz_trial_4,8_hz,trial_4.pwl,/home/s5117909/Documents/thesis/sebastian_thesis_repo/processing/general_code/spike_train_output/st_1/8_hz/trial_4.pwl,/home/s5117909/Documents/thesis/sebastian_thesis_repo/processing/general_code/spike_train_output/st_2/8_hz/trial_4.pwl,/home/s5117909/Documents/thesis/sebastian_thesis_repo/processing/cadence_extraction/output_data/8_hz_trial_4
5_hz_trial_5,5_hz,trial_5.pwl,/home/s5117909/Documents/thesis/sebastian_thesis_repo/processing/general_code/spike_train_output/st_1/5_hz/trial_5.pwl,/home/s5117909/Documents/thesis/sebastian_thesis_repo/processing/general_code/spike_train_output/st_2/5_hz/trial_5.pwl,/home/s5117909/Documents/thesis/sebastian_thesis_repo/processing/cadence_extraction/output_data/5_hz_trial_5
5_hz_trial_7,5_hz,trial_7.pwl,/home/s5117909/Documents/thesis/sebastian_thesis_repo/processing/general_code/spike_train_output/st_1/5_hz/trial_7.pwl,/home/s5117909/Documents/thesis/sebastian_thesis_repo/processing/general_code/spike_train_output/st_2/5_hz/trial_7.pwl,/home/s5117909/Documents/thesis/sebastian_thesis_repo/processing/cadence_extraction/output_data/5_hz_trial_7
5_hz_trial_8,5_hz,trial_8.pwl,/home/s5117909/Documents/thesis/sebastian_thesis_repo/processing/general_code/spike_train_output/st_1/5_hz/trial_8.pwl,/home/s5117909/Documents/thesis/sebastian_thesis_repo/processing/general_code/spike_train_output/st_2/5_hz/trial_8.pwl,/home/s5117909/Documents/thesis/sebastian_thesis_repo/processing/cadence_extraction/output_data/5_hz_trial_8
5_hz_trial_6,5_hz,trial_6.pwl,/home/s5117909/Documents/thesis/sebastian_thesis_repo/processing/general_code/spike_train_output/st_1/5_hz/trial_6.pwl,/home/s5117909/Documents/thesis/sebastian_thesis_repo/processing/general_code/spike_train_output/st_2/5_hz/trial_6.pwl,/home/s5117909/Documents/thesis/sebastian_thesis_repo/processing/cadence_extraction/output_data/5_hz_trial_6
5_hz_trial_10,5_hz,trial_10.pwl,/home/s5117909/Documents/thesis/sebastian_thesis_repo/processing/general_code/spike_train_output/st_1/5_hz/trial_10.pwl,/home/s5117909/Documents/thesis/sebastian_thesis_repo/processing/general_code/spike_train_output/st_2/5_hz/trial_10.pwl,/home/s5117909/Documents/thesis/sebastian_thesis_repo/processing/cadence_extraction/output_data/5_hz_trial_10
5_hz_trial_3,5_hz,trial_3.pwl,/home/s5117909/Documents/thesis/sebastian_thesis_repo/processing/general_code/spike_train_output/st_1/5_hz/trial_3.pwl,/home/s5117909/Documents/thesis/sebastian_thesis_repo/processing/general_code/spike_train_output/st_2/5_hz/trial_3.pwl,/home/s5117909/Documents/thesis/sebastian_thesis_repo/processing/cadence_extraction/output_data/5_hz_trial_3
5_hz_trial_9,5_hz,trial_9.pwl,/home/s5117909/Documents/thesis/sebastian_thesis_repo/processing/general_code/spike_train_output/st_1/5_hz/trial_9.pwl,/home/s5117909/Documents/thesis/sebastian_thesis_repo/processing/general_code/spike_train_output/st_2/5_hz/trial_9.pwl,/home/s5117909/Documents/thesis/sebastian_thesis_repo/processing/cadence_extraction/output_data/5_hz_trial_9
5_hz_trial_2,5_hz,trial_2.pwl,/home/s5117909/Documents/thesis/sebastian_thesis_repo/processing/general_code/spike_train_output/st_1/5_hz/trial_2.pwl,/home/s5117909/Documents/thesis/sebastian_thesis_repo/processing/general_code/spike_train_output/st_2/5_hz/trial_2.pwl,/home/s5117909/Documents/thesis/sebastian_thesis_repo/processing/cadence_extraction/output_data/5_hz_trial_2
5_hz_trial_1,5_hz,trial_1.pwl,/home/s5117909/Documents/thesis/sebastian_thesis_repo/processing/general_code/spike_train_output/st_1/5_hz/trial_1.pwl,/home/s5117909/Documents/thesis/sebastian_thesis_repo/processing/general_code/spike_train_output/st_2/5_hz/trial_1.pwl,/home/s5117909/Documents/thesis/sebastian_thesis_repo/processing/cadence_extraction/output_data/5_hz_trial_1
5_hz_trial_4,5_hz,trial_4.pwl,/home/s5117909/Documents/thesis/sebastian_thesis_repo/processing/general_code/spike_train_output/st_1/5_hz/trial_4.pwl,/home/s5117909/Documents/thesis/sebastian_thesis_repo/processing/general_code/spike_train_output/st_2/5_hz/trial_4.pwl,/home/s5117909/Documents/thesis/sebastian_thesis_repo/processing/cadence_extraction/output_data/5_hz_trial_4
9_hz_trial_5,9_hz,trial_5.pwl,/home/s5117909/Documents/thesis/sebastian_thesis_repo/processing/general_code/spike_train_output/st_1/9_hz/trial_5.pwl,/home/s5117909/Documents/thesis/sebastian_thesis_repo/processing/general_code/spike_train_output/st_2/9_hz/trial_5.pwl,/home/s5117909/Documents/thesis/sebastian_thesis_repo/processing/cadence_extraction/output_data/9_hz_trial_5
9_hz_trial_7,9_hz,trial_7.pwl,/home/s5117909/Documents/thesis/sebastian_thesis_repo/processing/general_code/spike_train_output/st_1/9_hz/trial_7.pwl,/home/s5117909/Documents/thesis/sebastian_thesis_repo/processing/general_code/spike_train_output/st_2/9_hz/trial_7.pwl,/home/s5117909/Documents/thesis/sebastian_thesis_repo/processing/cadence_extraction/output_data/9_hz_trial_7
9_hz_trial_8,9_hz,trial_8.pwl,/home/s5117909/Documents/thesis/sebastian_thesis_repo/processing/general_code/spike_train_output/st_1/9_hz/trial_8.pwl,/home/s5117909/Documents/thesis/sebastian_thesis_repo/processing/general_code/spike_train_output/st_2/9_hz/trial_8.pwl,/home/s5117909/Documents/thesis/sebastian_thesis_repo/processing/cadence_extraction/output_data/9_hz_trial_8
9_hz_trial_6,9_hz,trial_6.pwl,/home/s5117909/Documents/thesis/sebastian_thesis_repo/processing/general_code/spike_train_output/st_1/9_hz/trial_6.pwl,/home/s5117909/Documents/thesis/sebastian_thesis_repo/processing/general_code/spike_train_output/st_2/9_hz/trial_6.pwl,/home/s5117909/Documents/thesis/sebastian_thesis_repo/processing/cadence_extraction/output_data/9_hz_trial_6
9_hz_trial_10,9_hz,trial_10.pwl,/home/s5117909/Documents/thesis/sebastian_thesis_repo/processing/general_code/spike_train_output/st_1/9_hz/trial_10.pwl,/home/s5117909/Documents/thesis/sebastian_thesis_repo/processing/general_code/spike_train_output/st_2/9_hz/trial_10.pwl,/home/s5117909/Documents/thesis/sebastian_thesis_repo/processing/cadence_extraction/output_data/9_hz_trial_10
9_hz_trial_3,9_hz,trial_3.pwl,/home/s5117909/Documents/thesis/sebastian_thesis_repo/processing/general_code/spike_train_output/st_1/9_hz/trial_3.pwl,/home/s5117909/Documents/thesis/sebastian_thesis_repo/processing/general_code/spike_train_output/st_2/9_hz/trial_3.pwl,/home/s5117909/Documents/thesis/sebastian_thesis_repo/processing/cadence_extraction/output_data/9_hz_trial_3
9_hz_trial_9,9_hz,trial_9.pwl,/home/s5117909/Documents/thesis/sebastian_thesis_repo/processing/general_code/spike_train_output/st_1/9_hz/trial_9.pwl,/home/s5117909/Documents/thesis/sebastian_thesis_repo/processing/general_code/spike_train_output/st_2/9_hz/trial_9.pwl,/home/s5117909/Documents/thesis/sebastian_thesis_repo/processing/cadence_extraction/output_data/9_hz_trial_9
9_hz_trial_2,9_hz,trial_2.pwl,/home/s5117909/Documents/thesis/sebastian_thesis_repo/processing/general_code/spike_train_output/st_1/9_hz/trial_2.pwl,/home/s5117909/Documents/thesis/sebastian_thesis_repo/processing/general_code/spike_train_output/st_2/9_hz/trial_2.pwl,/home/s5117909/Documents/thesis/sebastian_thesis_repo/processing/cadence_extraction/output_data/9_hz_trial_2
9_hz_trial_1,9_hz,trial_1.pwl,/home/s5117909/Documents/thesis/sebastian_thesis_repo/processing/general_code/spike_train_output/st_1/9_hz/trial_1.pwl,/home/s5117909/Documents/thesis/sebastian_thesis_repo/processing/general_code/spike_train_output/st_2/9_hz/trial_1.pwl,/home/s5117909/Documents/thesis/sebastian_thesis_repo/processing/cadence_extraction/output_data/9_hz_trial_1
9_hz_trial_4,9_hz,trial_4.pwl,/home/s5117909/Documents/thesis/sebastian_thesis_repo/processing/general_code/spike_train_output/st_1/9_hz/trial_4.pwl,/home/s5117909/Documents/thesis/sebastian_thesis_repo/processing/general_code/spike_train_output/st_2/9_hz/trial_4.pwl,/home/s5117909/Documents/thesis/sebastian_thesis_repo/processing/cadence_extraction/output_data/9_hz_trial_4
